<?xml version="1.0" encoding="UTF-8"?>
<project-private xmlns="http://www.netbeans.org/ns/project-private/1">
    <editor-bookmarks xmlns="http://www.netbeans.org/ns/editor-bookmarks/2" lastBookmarkId="0"/>
    <open-files xmlns="http://www.netbeans.org/ns/projectui-open-files/2">
        <group>
            <file>file:/C:/xampp/bubu/routes/web.php</file>
            <file>file:/C:/xampp/bubu/resources/views/HOME.blade.php</file>
            <file>file:/C:/xampp/bubu/app/Http/Controllers/HelloController.php</file>
            <file>file:/C:/xampp/bubu/.env</file>
            <file>file:/C:/xampp/bubu/resources/views/app.blade.php</file>
            <file>file:/C:/xampp/bubu/app/Http/Controllers/Controller.php</file>
            <file>file:/C:/xampp/bubu/resources/views/about.blade.php</file>
            <file>file:/C:/xampp/bubu/public/index.php</file>
            <file>file:/C:/xampp/bubu/config/database.php</file>
        </group>
    </open-files>
</project-private>
